<?xml version="1.0" encoding="UTF-8" ?>
<!DOCTYPE tiles-definitions PUBLIC
"-//Apache Software Foundation//DTD Tiles Configuration 2.0//EN"
"http://tiles.apache.org/dtds/tiles-config_2_0.dtd">

<tiles-definitions><!--definition 태그를 이용해서 공통 레이아웃의 뷰이름 지정-->             
   <definition name="baseLayout"  template="/WEB-INF/views/common/layout.jsp"><!--전체 레이아웃을 정하는 JSP의 위치를 지정  -->
      <put-attribute name="title" value="" />
      <put-attribute name="header" value="/WEB-INF/views/common/header.jsp" /><!--레이아웃에서 상단을 구성하는 JSP의 위치를 지정  -->
      <put-attribute name="side" value="/WEB-INF/views/common/side.jsp" /><!--레이아웃에서 사이드 메뉴를 구성하는 JSP의 위치를 지정  -->
      <put-attribute name="body" value="" />
      <put-attribute name="footer" value="/WEB-INF/views/common/footer.jsp" /><!--레이아웃에서 하단을 구성하는 JSP의 위치를 지정  -->
   </definition>

<!--메인화면의 뷰이름을 지정  -->
   <definition name="main" extends="baseLayout"><!--기본적인 레이아웃은 definition태그를 이용해 baseLayout을 상속받음  -->
      <put-attribute name="title" value="메인페이지" /><!--레이아웃의 제목에 표시할 구문을 지정  -->
      <put-attribute name="body" value="/WEB-INF/views/main.jsp" /><!--레이아웃의 본문에 표시할 JSP를 지정  -->
   </definition>

<!-- 컨트롤러에서 반환되는 뷰이름을 지정  -->
   <definition name="/member/listMembers" extends="baseLayout">
      <put-attribute name="title" value="회원목록창" />
      <put-attribute name="body" value="/WEB-INF/views/member/listMembers.jsp" />
   </definition>
   

    
   <definition name="/member/loginForm" extends="baseLayout">
      <put-attribute name="title" value="로그인창" />
      <put-attribute name="body" value="/WEB-INF/views/member/loginForm.jsp" />
   </definition>
      
 
   <definition name="/member/memberForm" extends="baseLayout">
      <put-attribute name="title" value="회원등록창" />
      <put-attribute name="body" value="/WEB-INF/views/member/memberForm.jsp" />
   </definition>

   <definition name="/member/viewDetail" extends="baseLayout">
      <put-attribute name="title" value="회원상세창" />
      <put-attribute name="body" value="/WEB-INF/views/member/viewDetail.jsp" />
   </definition> 
</tiles-definitions>
