<?xml version="1.0" encoding="UTF-8" ?>
<!DOCTYPE mapper
      PUBLIC "-//mybatis.org//DTD Mapper 3.0//EN"
   "http://mybatis.org/dtd/mybatis-3-mapper.dtd">

<mapper namespace="mapper.board"> <!-- 글 정보를 저장할 resultMap을 설정 -->
	<resultMap id="articlesResult" type="articleVO" >
		<result property="level" column="level"/>
		<result property="articleNO" column="articleNO"/>
		<result property="parentNO" column="parentNO"/>
		<result property="title" column="title"/>
		<result property="content" column="content"/>
		<result property="writeDate" column="writeDate"/>
		<result property="imageFileName" column="imageFileName"/>
	</resultMap>
	
<!-- 	
	<resultMap id="imgResult" type="imageVO" >
		<result property="imageFileNO" column="imageFileNO"/>
		<result property="articleNO" column="articleNO"/>
		<result property="imageFileName" column="imageFileName"/>
	</resultMap>
	 -->
	
	<!-- 모든 글을 조회하는 SQL문 작성  -->
	<select id="selectAllArticlesList" resultMap="articlesResult">
      <![CDATA[
         SELECT level, articleNO, parentNO, title, content, writeDate, imageFileName, id
         from t_board 
         START WITH parentNO=0
         CONNECT BY PRIOR articleNO=parentNO
         ORDER SIBLINGS BY articleNO DESC
      ]]>
	</select>
	
	
	<!-- 새 글 작성하는 SQL문  --> <!-- 전달된 해쉬맵에 각각의 key를 이용해서 values에 세팅해서 테이블에 추가한다. -->
	<insert id="insertNewArticle" parameterType="java.util.Map">
      <![CDATA[
         INSERT into t_board(articleNO, title, content, imageFileName, id)
         VALUES(#{articleNO}, #{title}, #{content}, #{imageFileName}, #{id}) 
      ]]>
	</insert>
	
	  
	<!-- board테이블에서 가장 큰 번호를 가져와서 1을 더해서 반환하는 SQL -->
	<select id="selectNewArticleNO" resultType="int">
      <![CDATA[
          SELECT nvl(max(articleNO), 0)+1 from t_board
      ]]>
	</select>
	
	
	<!-- 글 정보를 조회하는 SQL --> <!-- parameterType으로 글 번호 넘어오면 글 정보 조회해서 articleVO에 세팅해서 반환한다.  -->
	<select id="selectArticle" resultType="articleVO" parameterType="int">
      <![CDATA[
          SELECT * from t_board where articleNO = #{articleNO}
      ]]>
	</select>
	
	
	<update id="updateArticle" parameterType="java.util.Map">
	 <![CDATA[
          update t_board
          set title=#{title},
          content=#{content}
           <if test="imageFileName!='' and imageFileName!=null">
           , imageFileName=#{imageFileName}
           </if>
           where articleNO=#{articleNO}
            ]]>
	</update> 
	
	<!-- 자식 글 까지 삭제하는 SQL -->
	<delete id="deleteArticle" parameterType="int">
      <![CDATA[
          delete from t_board
          where articleNO in (
          	SELECT articleNO FROM t_board
          	START WITH articleNO = #{articleNO}
          	CONNECT BY PRIOR articleNO = parentNO )
      ]]>
	</delete>
	
	

</mapper>